{
	"credit": "Made with Blockbench",
	"ambientocclusion": false,
	"textures": {
		"1": "block/acacia_door_bottom",
		"2": "block/acacia_door_side",
		"particle": "block/acacia_door_side"
	},
	"elements": [
		{
			"from": [0, 0, 0],
			"to": [2, 16, 16],
			"faces": {
				"north": {"uv": [16.04688, 0.04688, 13.04688, 16.04688], "texture": "#2", "cullface": "north"},
				"east": {"uv": [16, 0, 0, 16], "texture": "#1"},
				"south": {"uv": [13.04688, 0.04688, 16.04688, 16.04688], "texture": "#2", "cullface": "south"},
				"west": {"uv": [0, 0, 16, 16], "texture": "#1", "cullface": "west"},
				"down": {"uv": [3, 0.04688, 6, 16.04688], "texture": "#2", "cullface": "down"}
			}
		},
		{
			"from": [0, 3, 11],
			"to": [2, 3, 13],
			"faces": {
				"north": {"uv": [0, 0, 3, 0], "texture": "#missing"},
				"east": {"uv": [0, 0, 4, 0], "texture": "#missing"},
				"south": {"uv": [0, 0, 3, 0], "texture": "#missing"},
				"west": {"uv": [0, 0, 4, 0], "texture": "#missing"},
				"up": {"uv": [6, 0, 8.95313, 4.55469], "texture": "#2"},
				"down": {"uv": [6, 0, 9, 4.6], "texture": "#2"}
			}
		},
		{
			"from": [0, 3, 7],
			"to": [2, 3, 9],
			"faces": {
				"north": {"uv": [0, 0, 3, 0], "texture": "#missing"},
				"east": {"uv": [0, 0, 4, 0], "texture": "#missing"},
				"south": {"uv": [0, 0, 3, 0], "texture": "#missing"},
				"west": {"uv": [0, 0, 4, 0], "texture": "#missing"},
				"up": {"uv": [6, 0, 8.95313, 4.55469], "texture": "#2"},
				"down": {"uv": [6, 0, 9, 4.6], "texture": "#2"}
			}
		},
		{
			"from": [0, 3, 3],
			"to": [2, 3, 5],
			"faces": {
				"north": {"uv": [0, 0, 3, 0], "texture": "#missing"},
				"east": {"uv": [0, 0, 4, 0], "texture": "#missing"},
				"south": {"uv": [0, 0, 3, 0], "texture": "#missing"},
				"west": {"uv": [0, 0, 4, 0], "texture": "#missing"},
				"up": {"uv": [6, 0, 8.95313, 4.55469], "texture": "#2"},
				"down": {"uv": [6, 0, 9, 4.6], "texture": "#2"}
			}
		},
		{
			"from": [0, 15, 3],
			"to": [2, 15, 5],
			"faces": {
				"north": {"uv": [0, 0, 3, 0], "texture": "#missing"},
				"east": {"uv": [0, 0, 4, 0], "texture": "#missing"},
				"south": {"uv": [0, 0, 3, 0], "texture": "#missing"},
				"west": {"uv": [0, 0, 4, 0], "texture": "#missing"},
				"up": {"uv": [6, 0, 8.95313, 4.55469], "texture": "#2"},
				"down": {"uv": [6, 0, 9, 4.6], "texture": "#2"}
			}
		},
		{
			"from": [0, 15, 7],
			"to": [2, 15, 9],
			"faces": {
				"north": {"uv": [0, 0, 3, 0], "texture": "#missing"},
				"east": {"uv": [0, 0, 4, 0], "texture": "#missing"},
				"south": {"uv": [0, 0, 3, 0], "texture": "#missing"},
				"west": {"uv": [0, 0, 4, 0], "texture": "#missing"},
				"up": {"uv": [6, 0, 8.95313, 4.55469], "texture": "#2"},
				"down": {"uv": [6, 0, 9, 4.6], "texture": "#2"}
			}
		},
		{
			"from": [0, 15, 11],
			"to": [2, 15, 13],
			"faces": {
				"north": {"uv": [0, 0, 3, 0], "texture": "#missing"},
				"east": {"uv": [0, 0, 4, 0], "texture": "#missing"},
				"south": {"uv": [0, 0, 3, 0], "texture": "#missing"},
				"west": {"uv": [0, 0, 4, 0], "texture": "#missing"},
				"up": {"uv": [6, 0, 8.95313, 4.55469], "texture": "#2"},
				"down": {"uv": [6, 0, 9, 4.6], "texture": "#2"}
			}
		},
		{
			"from": [0, 3, 3],
			"to": [2, 15, 3],
			"faces": {
				"north": {"uv": [0, 0, 2.95313, 16], "rotation": 180, "texture": "#2"},
				"east": {"uv": [0, 0, 4, 0], "rotation": 90, "texture": "#missing"},
				"south": {"uv": [0, 0, 2.95313, 16], "texture": "#2"},
				"west": {"uv": [0, 0, 4, 0], "rotation": 270, "texture": "#missing"},
				"up": {"uv": [0, 0, 3, 0], "texture": "#2"},
				"down": {"uv": [0, 0, 3, 0], "rotation": 180, "texture": "#2"}
			}
		},
		{
			"from": [0, 3, 5],
			"to": [2, 15, 5],
			"faces": {
				"north": {"uv": [0, 0, 2.95313, 16], "rotation": 180, "texture": "#2"},
				"east": {"uv": [0, 0, 4, 0], "rotation": 90, "texture": "#missing"},
				"south": {"uv": [0, 0, 2.95313, 16], "texture": "#2"},
				"west": {"uv": [0, 0, 4, 0], "rotation": 270, "texture": "#missing"},
				"up": {"uv": [0, 0, 3, 0], "texture": "#2"},
				"down": {"uv": [0, 0, 3, 0], "rotation": 180, "texture": "#2"}
			}
		},
		{
			"from": [0, 3, 7],
			"to": [2, 15, 7],
			"faces": {
				"north": {"uv": [0, 0, 2.95313, 16], "rotation": 180, "texture": "#2"},
				"east": {"uv": [0, 0, 4, 0], "rotation": 90, "texture": "#missing"},
				"south": {"uv": [0, 0, 2.95313, 16], "texture": "#2"},
				"west": {"uv": [0, 0, 4, 0], "rotation": 270, "texture": "#missing"},
				"up": {"uv": [0, 0, 3, 0], "texture": "#2"},
				"down": {"uv": [0, 0, 3, 0], "rotation": 180, "texture": "#2"}
			}
		},
		{
			"from": [0, 3, 9],
			"to": [2, 15, 9],
			"faces": {
				"north": {"uv": [0, 0, 2.95313, 16], "rotation": 180, "texture": "#2"},
				"east": {"uv": [0, 0, 4, 0], "rotation": 90, "texture": "#missing"},
				"south": {"uv": [0, 0, 2.95313, 16], "texture": "#2"},
				"west": {"uv": [0, 0, 4, 0], "rotation": 270, "texture": "#missing"},
				"up": {"uv": [0, 0, 3, 0], "texture": "#missing"},
				"down": {"uv": [0, 0, 3, 0], "rotation": 180, "texture": "#missing"}
			}
		},
		{
			"from": [0, 3, 11],
			"to": [2, 15, 11],
			"faces": {
				"north": {"uv": [0, 0, 2.95313, 16], "rotation": 180, "texture": "#2"},
				"east": {"uv": [0, 0, 4, 0], "rotation": 90, "texture": "#missing"},
				"south": {"uv": [0, 0, 2.95313, 16], "texture": "#2"},
				"west": {"uv": [0, 0, 4, 0], "rotation": 270, "texture": "#missing"},
				"up": {"uv": [0, 0, 3, 0], "texture": "#missing"},
				"down": {"uv": [0, 0, 3, 0], "rotation": 180, "texture": "#missing"}
			}
		},
		{
			"from": [0, 3, 13],
			"to": [2, 15, 13],
			"faces": {
				"north": {"uv": [0, 0, 2.95313, 16], "rotation": 180, "texture": "#2"},
				"east": {"uv": [0, 0, 4, 0], "rotation": 90, "texture": "#missing"},
				"south": {"uv": [0, 0, 2.95313, 16], "texture": "#2"},
				"west": {"uv": [0, 0, 4, 0], "rotation": 270, "texture": "#missing"},
				"up": {"uv": [0, 0, 3, 0], "texture": "#missing"},
				"down": {"uv": [0, 0, 3, 0], "rotation": 180, "texture": "#missing"}
			}
		}
	]
}