{
	"credit": "Made with Blockbench",
	"ambientocclusion": false,
	"textures": {
		"0": "block/acacia_door_top",
		"1": "block/acacia_door_side",
		"particle": "block/acacia_door_top"
	},
	"elements": [
		{
			"from": [0, 0, 0],
			"to": [2, 16, 16],
			"faces": {
				"north": {"uv": [3, 0, 0, 16], "texture": "#1", "cullface": "north"},
				"east": {"uv": [16, 0, 0, 16], "texture": "#0"},
				"south": {"uv": [0, 0, 3, 16], "texture": "#1", "cullface": "south"},
				"west": {"uv": [0, 0, 16, 16], "texture": "#0", "cullface": "west"},
				"up": {"uv": [3, 0, 6, 16], "texture": "#1", "cullface": "up"}
			}
		},
		{
			"from": [-0.25, 0, 11.75],
			"to": [0, 1, 15],
			"faces": {
				"north": {"uv": [11.77344, 15.00781, 12.57344, 15.80781], "texture": "#0"},
				"east": {"uv": [11.77344, 15.00781, 14.97656, 15.875], "texture": "#0"},
				"south": {"uv": [11.7734, 15.0078, 12.5734, 15.8078], "texture": "#0"},
				"west": {"uv": [11.77344, 15.00781, 14.97656, 15.875], "texture": "#0"},
				"up": {"uv": [11.77344, 15.41406, 14.97656, 15.875], "rotation": 90, "texture": "#0"},
				"down": {"uv": [11.77344, 15.5, 14.97656, 15.875], "rotation": 90, "texture": "#0"}
			}
		},
		{
			"from": [2, 0, 11.75],
			"to": [2.25, 1, 15],
			"faces": {
				"north": {"uv": [11.77344, 15.00781, 12.57344, 15.80781], "texture": "#0"},
				"east": {"uv": [11.77344, 15.00781, 14.97656, 15.875], "texture": "#0"},
				"south": {"uv": [11.7734, 15.0078, 12.5734, 15.8078], "texture": "#0"},
				"west": {"uv": [11.77344, 15.00781, 14.97656, 15.875], "texture": "#0"},
				"up": {"uv": [11.77344, 15.41406, 14.97656, 15.875], "rotation": 90, "texture": "#0"},
				"down": {"uv": [11.77344, 15.5, 14.97656, 15.875], "rotation": 90, "texture": "#0"}
			}
		},
		{
			"from": [0, 1, 3],
			"to": [2, 1, 5],
			"faces": {
				"north": {"uv": [0, 0, 3, 0], "texture": "#missing"},
				"east": {"uv": [0, 0, 4, 0], "texture": "#missing"},
				"south": {"uv": [0, 0, 3, 0], "texture": "#missing"},
				"west": {"uv": [0, 0, 4, 0], "texture": "#missing"},
				"up": {"uv": [6, 0, 8.95313, 4.55469], "texture": "#1"},
				"down": {"uv": [6, 0, 9, 4.6], "texture": "#1"}
			}
		},
		{
			"from": [0, 1, 7],
			"to": [2, 1, 9],
			"faces": {
				"north": {"uv": [0, 0, 3, 0], "texture": "#missing"},
				"east": {"uv": [0, 0, 4, 0], "texture": "#missing"},
				"south": {"uv": [0, 0, 3, 0], "texture": "#missing"},
				"west": {"uv": [0, 0, 4, 0], "texture": "#missing"},
				"up": {"uv": [6, 0, 8.95313, 4.55469], "texture": "#1"},
				"down": {"uv": [6, 0, 9, 4.6], "texture": "#1"}
			}
		},
		{
			"from": [0, 1, 11],
			"to": [2, 1, 13],
			"faces": {
				"north": {"uv": [0, 0, 3, 0], "texture": "#missing"},
				"east": {"uv": [0, 0, 4, 0], "texture": "#missing"},
				"south": {"uv": [0, 0, 3, 0], "texture": "#missing"},
				"west": {"uv": [0, 0, 4, 0], "texture": "#missing"},
				"up": {"uv": [6, 0, 8.95313, 4.55469], "texture": "#1"},
				"down": {"uv": [6, 0, 9, 4.6], "texture": "#1"}
			}
		},
		{
			"from": [0, 13, 3],
			"to": [2, 13, 5],
			"faces": {
				"north": {"uv": [0, 0, 3, 0], "texture": "#missing"},
				"east": {"uv": [0, 0, 4, 0], "texture": "#missing"},
				"south": {"uv": [0, 0, 3, 0], "texture": "#missing"},
				"west": {"uv": [0, 0, 4, 0], "texture": "#missing"},
				"up": {"uv": [6, 0, 8.95313, 4.55469], "texture": "#1"},
				"down": {"uv": [6, 0, 9, 4.6], "texture": "#1"}
			}
		},
		{
			"from": [0, 13, 7],
			"to": [2, 13, 9],
			"faces": {
				"north": {"uv": [0, 0, 3, 0], "texture": "#missing"},
				"east": {"uv": [0, 0, 4, 0], "texture": "#missing"},
				"south": {"uv": [0, 0, 3, 0], "texture": "#missing"},
				"west": {"uv": [0, 0, 4, 0], "texture": "#missing"},
				"up": {"uv": [6, 0, 8.95313, 4.55469], "texture": "#1"},
				"down": {"uv": [6, 0, 9, 4.6], "texture": "#1"}
			}
		},
		{
			"from": [0, 13, 11],
			"to": [2, 13, 13],
			"faces": {
				"north": {"uv": [0, 0, 3, 0], "texture": "#missing"},
				"east": {"uv": [0, 0, 4, 0], "texture": "#missing"},
				"south": {"uv": [0, 0, 3, 0], "texture": "#missing"},
				"west": {"uv": [0, 0, 4, 0], "texture": "#missing"},
				"up": {"uv": [6, 0, 8.95313, 4.55469], "texture": "#1"},
				"down": {"uv": [6, 0, 9, 4.6], "texture": "#1"}
			}
		},
		{
			"from": [0, 1, 3],
			"to": [2, 13, 3],
			"faces": {
				"north": {"uv": [0, 0, 2.95313, 16], "rotation": 180, "texture": "#1"},
				"east": {"uv": [0, 0, 4, 0], "rotation": 90, "texture": "#missing"},
				"south": {"uv": [0, 0, 2.95313, 16], "texture": "#1"},
				"west": {"uv": [0, 0, 4, 0], "rotation": 270, "texture": "#missing"},
				"up": {"uv": [0, 0, 3, 0], "texture": "#missing"},
				"down": {"uv": [0, 0, 3, 0], "rotation": 180, "texture": "#missing"}
			}
		},
		{
			"from": [0, 1, 5],
			"to": [2, 13, 5],
			"faces": {
				"north": {"uv": [0, 0, 2.95313, 16], "rotation": 180, "texture": "#1"},
				"east": {"uv": [0, 0, 4, 0], "rotation": 90, "texture": "#missing"},
				"south": {"uv": [0, 0, 2.95313, 16], "texture": "#1"},
				"west": {"uv": [0, 0, 4, 0], "rotation": 270, "texture": "#missing"},
				"up": {"uv": [0, 0, 3, 0], "texture": "#missing"},
				"down": {"uv": [0, 0, 3, 0], "rotation": 180, "texture": "#missing"}
			}
		},
		{
			"from": [0, 1, 7],
			"to": [2, 13, 7],
			"faces": {
				"north": {"uv": [0, 0, 2.95313, 16], "rotation": 180, "texture": "#1"},
				"east": {"uv": [0, 0, 4, 0], "rotation": 90, "texture": "#missing"},
				"south": {"uv": [0, 0, 2.95313, 16], "texture": "#1"},
				"west": {"uv": [0, 0, 4, 0], "rotation": 270, "texture": "#missing"},
				"up": {"uv": [0, 0, 3, 0], "texture": "#missing"},
				"down": {"uv": [0, 0, 3, 0], "rotation": 180, "texture": "#missing"}
			}
		},
		{
			"from": [0, 1, 9],
			"to": [2, 13, 9],
			"faces": {
				"north": {"uv": [0, 0, 2.95313, 16], "rotation": 180, "texture": "#1"},
				"east": {"uv": [0, 0, 4, 0], "rotation": 90, "texture": "#missing"},
				"south": {"uv": [0, 0, 2.95313, 16], "texture": "#1"},
				"west": {"uv": [0, 0, 4, 0], "rotation": 270, "texture": "#missing"},
				"up": {"uv": [0, 0, 3, 0], "texture": "#missing"},
				"down": {"uv": [0, 0, 3, 0], "rotation": 180, "texture": "#missing"}
			}
		},
		{
			"from": [0, 1, 11],
			"to": [2, 13, 11],
			"faces": {
				"north": {"uv": [0, 0, 2.95313, 16], "rotation": 180, "texture": "#1"},
				"east": {"uv": [0, 0, 4, 0], "rotation": 90, "texture": "#missing"},
				"south": {"uv": [0, 0, 2.95313, 16], "texture": "#1"},
				"west": {"uv": [0, 0, 4, 0], "rotation": 270, "texture": "#missing"},
				"up": {"uv": [0, 0, 3, 0], "texture": "#missing"},
				"down": {"uv": [0, 0, 3, 0], "rotation": 180, "texture": "#missing"}
			}
		},
		{
			"from": [0, 1, 13],
			"to": [2, 13, 13],
			"faces": {
				"north": {"uv": [0, 0, 2.95313, 16], "rotation": 180, "texture": "#1"},
				"east": {"uv": [0, 0, 4, 0], "rotation": 90, "texture": "#missing"},
				"south": {"uv": [0, 0, 2.95313, 16], "texture": "#1"},
				"west": {"uv": [0, 0, 4, 0], "rotation": 270, "texture": "#missing"},
				"up": {"uv": [0, 0, 3, 0], "texture": "#missing"},
				"down": {"uv": [0, 0, 3, 0], "rotation": 180, "texture": "#missing"}
			}
		}
	]
}