{
	"credit": "Made with Blockbench",
	"textures": {
		"0": "block/rotrBLOCKS/birch_leaves",
		"1": "block/rotrBLOCKS/birch_leaves2",
		"particle": "block/rotrBLOCKS/birch_leaves"
	},
	"elements": [
		{
			"name": "Leave",
			"from": [1, -7, -5],
			"to": [1, 9, 11],
			"rotation": {"angle": -45, "axis": "z", "origin": [1, 9, 8]},
			"faces": {
				"north": {"uv": [0, 16, 0, 0], "texture": "#missing"},
				"east": {"uv": [0, 16, 16, 0], "rotation": 180, "texture": "#0", "tintindex": 0},
				"south": {"uv": [0, 16, 0, 0], "texture": "#missing"},
				"west": {"uv": [16, 16, 0, 0], "rotation": 180, "texture": "#0", "tintindex": 0},
				"up": {"uv": [0, 16, 0, 0], "rotation": 180, "texture": "#missing"},
				"down": {"uv": [0, 16, 0, 0], "rotation": 180, "texture": "#missing"}
			}
		},
		{
			"name": "Leave",
			"from": [8, -5, 0],
			"to": [24, 11, 0],
			"rotation": {"angle": -22.5, "axis": "y", "origin": [15, 3, 0]},
			"faces": {
				"north": {"uv": [16, 16, 0, 0], "texture": "#0", "tintindex": 0},
				"east": {"uv": [0, 16, 0, 0], "texture": "#missing"},
				"south": {"uv": [0, 16, 16, 0], "rotation": 180, "texture": "#0", "tintindex": 0},
				"west": {"uv": [0, 16, 0, 0], "texture": "#missing"},
				"up": {"uv": [0, 16, 0, 0], "rotation": 270, "texture": "#missing"},
				"down": {"uv": [0, 16, 0, 0], "rotation": 90, "texture": "#missing"}
			}
		},
		{
			"name": "Leave",
			"from": [12, -8, 4],
			"to": [12, 8, 20],
			"rotation": {"angle": 22.5, "axis": "z", "origin": [12, 8, 8]},
			"faces": {
				"north": {"uv": [0, 16, 0, 0], "texture": "#missing"},
				"east": {"uv": [16, 16, 0, 0], "rotation": 180, "texture": "#0", "tintindex": 0},
				"south": {"uv": [0, 16, 0, 0], "texture": "#missing"},
				"west": {"uv": [0, 16, 16, 0], "rotation": 180, "texture": "#0", "tintindex": 0},
				"up": {"uv": [0, 16, 0, 0], "texture": "#missing"},
				"down": {"uv": [0, 16, 0, 0], "texture": "#missing"}
			}
		},
		{
			"name": "Leave",
			"from": [4, -6, 15],
			"to": [20, 10, 15],
			"rotation": {"angle": -45, "axis": "x", "origin": [6, 10, 15]},
			"faces": {
				"north": {"uv": [0, 16, 16, 0], "rotation": 180, "texture": "#0", "tintindex": 0},
				"east": {"uv": [0, 16, 0, 0], "texture": "#missing"},
				"south": {"uv": [16, 16, 0, 0], "rotation": 180, "texture": "#0", "tintindex": 0},
				"west": {"uv": [0, 16, 0, 0], "texture": "#missing"},
				"up": {"uv": [0, 16, 0, 0], "rotation": 90, "texture": "#missing"},
				"down": {"uv": [0, 16, 0, 0], "rotation": 270, "texture": "#missing"}
			}
		},
		{
			"name": "Leave",
			"from": [-10, 15, 5],
			"to": [6, 15, 21],
			"rotation": {"angle": 22.5, "axis": "z", "origin": [6, 15, 11]},
			"faces": {
				"north": {"uv": [0, 16, 0, 0], "rotation": 270, "texture": "#missing"},
				"east": {"uv": [0, 16, 0, 0], "rotation": 90, "texture": "#missing"},
				"south": {"uv": [0, 16, 0, 0], "rotation": 90, "texture": "#missing"},
				"west": {"uv": [0, 16, 0, 0], "rotation": 90, "texture": "#missing"},
				"up": {"uv": [16, 16, 0, 0], "rotation": 270, "texture": "#0", "tintindex": 0},
				"down": {"uv": [0, 16, 16, 0], "rotation": 90, "texture": "#0", "tintindex": 0}
			}
		},
		{
			"name": "Leave",
			"from": [-5, -3, 2],
			"to": [11, 13, 2],
			"rotation": {"angle": 45, "axis": "x", "origin": [9, 13, 2]},
			"faces": {
				"north": {"uv": [16, 16, 0, 0], "rotation": 180, "texture": "#0", "tintindex": 0},
				"east": {"uv": [0, 16, 0, 0], "texture": "#missing"},
				"south": {"uv": [0, 16, 16, 0], "rotation": 180, "texture": "#0", "tintindex": 0},
				"west": {"uv": [0, 16, 0, 0], "texture": "#missing"},
				"up": {"uv": [0, 16, 0, 0], "rotation": 270, "texture": "#missing"},
				"down": {"uv": [0, 16, 0, 0], "rotation": 90, "texture": "#missing"}
			}
		},
		{
			"name": "Leave",
			"from": [8.65685, 12.34315, 1],
			"to": [24.65685, 12.34315, 17],
			"rotation": {"angle": -22.5, "axis": "z", "origin": [14.65685, 13.34315, 9]},
			"faces": {
				"north": {"uv": [0, 16, 0, 0], "rotation": 90, "texture": "#missing"},
				"east": {"uv": [0, 16, 0, 0], "rotation": 270, "texture": "#missing"},
				"south": {"uv": [0, 16, 0, 0], "rotation": 270, "texture": "#missing"},
				"west": {"uv": [0, 16, 0, 0], "rotation": 90, "texture": "#missing"},
				"up": {"uv": [16, 16, 0, 0], "rotation": 90, "texture": "#0", "tintindex": 0},
				"down": {"uv": [0, 16, 16, 0], "rotation": 90, "texture": "#0", "tintindex": 0}
			}
		},
		{
			"name": "Leave",
			"from": [-3, 11.94272, 12.39731],
			"to": [13, 11.94272, 28.39731],
			"rotation": {"angle": 45, "axis": "x", "origin": [11, 10.94272, 17.39731]},
			"faces": {
				"north": {"uv": [0, 16, 0, 0], "rotation": 270, "texture": "#missing"},
				"east": {"uv": [0, 16, 0, 0], "rotation": 90, "texture": "#missing"},
				"south": {"uv": [0, 16, 0, 0], "rotation": 270, "texture": "#missing"},
				"west": {"uv": [0, 16, 0, 0], "rotation": 270, "texture": "#missing"},
				"up": {"uv": [16, 16, 0, 0], "texture": "#0", "tintindex": 0},
				"down": {"uv": [0, 16, 16, 0], "texture": "#0", "tintindex": 0}
			}
		},
		{
			"name": "Leave",
			"from": [7, -6.39104, 16.06147],
			"to": [23, 9.60896, 16.06147],
			"rotation": {"angle": 22.5, "axis": "x", "origin": [15, 1.60896, 16.06147]},
			"faces": {
				"north": {"uv": [0, 16, 16, 0], "rotation": 180, "texture": "#0", "tintindex": 0},
				"east": {"uv": [0, 16, 0, 0], "texture": "#missing"},
				"south": {"uv": [16, 16, 0, 0], "rotation": 180, "texture": "#0", "tintindex": 0},
				"west": {"uv": [0, 16, 0, 0], "texture": "#missing"},
				"up": {"uv": [0, 16, 0, 0], "rotation": 90, "texture": "#missing"},
				"down": {"uv": [0, 16, 0, 0], "rotation": 270, "texture": "#missing"}
			}
		},
		{
			"name": "Leave",
			"from": [-2.93853, -6.39104, 4],
			"to": [-2.93853, 9.60896, 20],
			"rotation": {"angle": 45, "axis": "z", "origin": [-2.93853, 1.60896, 14]},
			"faces": {
				"north": {"uv": [0, 16, 0, 0], "texture": "#missing"},
				"east": {"uv": [16, 16, 0, 0], "rotation": 180, "texture": "#0", "tintindex": 0},
				"south": {"uv": [0, 16, 0, 0], "texture": "#missing"},
				"west": {"uv": [0, 16, 16, 0], "rotation": 180, "texture": "#0", "tintindex": 0},
				"up": {"uv": [0, 16, 0, 0], "texture": "#missing"},
				"down": {"uv": [0, 16, 0, 0], "texture": "#missing"}
			}
		},
		{
			"name": "Leave",
			"from": [16.93853, -5.39104, -4],
			"to": [16.93853, 10.60896, 12],
			"rotation": {"angle": 22.5, "axis": "y", "origin": [13.93853, 2.60896, 4]},
			"faces": {
				"north": {"uv": [0, 16, 0, 0], "texture": "#missing"},
				"east": {"uv": [0, 16, 16, 0], "rotation": 180, "texture": "#0", "tintindex": 0},
				"south": {"uv": [0, 16, 0, 0], "texture": "#missing"},
				"west": {"uv": [16, 16, 0, 0], "rotation": 180, "texture": "#0", "tintindex": 0},
				"up": {"uv": [0, 16, 0, 0], "rotation": 180, "texture": "#missing"},
				"down": {"uv": [0, 16, 0, 0], "rotation": 180, "texture": "#missing"}
			}
		},
		{
			"name": "Leave",
			"from": [-2, -8, -5],
			"to": [14, 8, -5],
			"rotation": {"angle": -22.5, "axis": "x", "origin": [9, 8, -5]},
			"faces": {
				"north": {"uv": [0, 16, 16, 0], "rotation": 180, "texture": "#0", "tintindex": 0},
				"east": {"uv": [0, 16, 0, 0], "texture": "#missing"},
				"south": {"uv": [16, 16, 0, 0], "rotation": 180, "texture": "#0", "tintindex": 0},
				"west": {"uv": [0, 16, 0, 0], "texture": "#missing"},
				"up": {"uv": [0, 16, 0, 0], "rotation": 90, "texture": "#missing"},
				"down": {"uv": [0, 16, 0, 0], "rotation": 270, "texture": "#missing"}
			}
		},
		{
			"name": "Leave",
			"from": [18.06147, -0.39104, 5],
			"to": [18.06147, 15.60896, 21],
			"rotation": {"angle": 45, "axis": "z", "origin": [19.06147, 8.60896, 13]},
			"faces": {
				"north": {"uv": [0, 16, 0, 0], "texture": "#missing"},
				"east": {"uv": [16, 16, 0, 0], "rotation": 180, "texture": "#0", "tintindex": 0},
				"south": {"uv": [0, 16, 0, 0], "texture": "#missing"},
				"west": {"uv": [0, 16, 16, 0], "rotation": 180, "texture": "#0", "tintindex": 0},
				"up": {"uv": [0, 16, 0, 0], "texture": "#missing"},
				"down": {"uv": [0, 16, 0, 0], "texture": "#missing"}
			}
		},
		{
			"name": "Leave",
			"from": [-4, 12.34315, -0.34315],
			"to": [12, 12.34315, 15.65685],
			"faces": {
				"north": {"uv": [0, 16, 0, 0], "rotation": 270, "texture": "#missing"},
				"east": {"uv": [0, 16, 0, 0], "rotation": 90, "texture": "#missing"},
				"south": {"uv": [0, 16, 0, 0], "rotation": 270, "texture": "#missing"},
				"west": {"uv": [0, 16, 0, 0], "rotation": 270, "texture": "#missing"},
				"up": {"uv": [16, 16, 0, 0], "rotation": 180, "texture": "#0", "tintindex": 0},
				"down": {"uv": [0, 16, 16, 0], "texture": "#0", "tintindex": 0}
			}
		},
		{
			"name": "Leave",
			"from": [-10, -4, 17],
			"to": [6, 12, 17],
			"rotation": {"angle": -45, "axis": "y", "origin": [2, 12, 16]},
			"faces": {
				"north": {"uv": [16, 16, 0, 0], "rotation": 180, "texture": "#0", "tintindex": 0},
				"east": {"uv": [0, 16, 0, 0], "texture": "#missing"},
				"south": {"uv": [0, 16, 16, 0], "rotation": 180, "texture": "#0", "tintindex": 0},
				"west": {"uv": [0, 16, 0, 0], "texture": "#missing"},
				"up": {"uv": [0, 16, 0, 0], "rotation": 270, "texture": "#missing"},
				"down": {"uv": [0, 16, 0, 0], "rotation": 90, "texture": "#missing"}
			}
		},
		{
			"name": "Leave",
			"from": [3, -5, 3],
			"to": [19, 11, 3],
			"rotation": {"angle": -22.5, "axis": "y", "origin": [7, 11, 3]},
			"faces": {
				"north": {"uv": [16, 16, 0, 0], "rotation": 180, "texture": "#0", "tintindex": 0},
				"east": {"uv": [0, 16, 0, 0], "texture": "#missing"},
				"south": {"uv": [0, 16, 16, 0], "rotation": 180, "texture": "#0", "tintindex": 0},
				"west": {"uv": [0, 16, 0, 0], "texture": "#missing"},
				"up": {"uv": [0, 16, 0, 0], "rotation": 270, "texture": "#missing"},
				"down": {"uv": [0, 16, 0, 0], "rotation": 90, "texture": "#missing"}
			}
		},
		{
			"name": "Leave",
			"from": [20, -7, -3],
			"to": [20, 13, 17],
			"rotation": {"angle": -45, "axis": "y", "origin": [7, 11, 3]},
			"faces": {
				"north": {"uv": [0, 16, 0, 0], "texture": "#missing"},
				"east": {"uv": [0, 16, 16, 0], "rotation": 180, "texture": "#1", "tintindex": 0},
				"south": {"uv": [0, 16, 0, 0], "texture": "#missing"},
				"west": {"uv": [16, 16, 0, 0], "rotation": 180, "texture": "#1", "tintindex": 0},
				"up": {"uv": [0, 16, 0, 0], "rotation": 180, "texture": "#missing"},
				"down": {"uv": [0, 16, 0, 0], "rotation": 180, "texture": "#missing"}
			}
		},
		{
			"name": "Leave",
			"from": [-5, -7, 0],
			"to": [15, 13, 0],
			"rotation": {"angle": 22.5, "axis": "y", "origin": [7, 11, 3]},
			"faces": {
				"north": {"uv": [16, 16, 0, 0], "rotation": 180, "texture": "#1", "tintindex": 0},
				"east": {"uv": [0, 16, 0, 0], "texture": "#missing"},
				"south": {"uv": [0, 16, 16, 0], "rotation": 180, "texture": "#1", "tintindex": 0},
				"west": {"uv": [0, 16, 0, 0], "texture": "#missing"},
				"up": {"uv": [0, 16, 0, 0], "rotation": 270, "texture": "#missing"},
				"down": {"uv": [0, 16, 0, 0], "rotation": 90, "texture": "#missing"}
			}
		},
		{
			"name": "Leave",
			"from": [6, 16, -8],
			"to": [22, 16, 8],
			"rotation": {"angle": -22.5, "axis": "x", "origin": [5, 16, 8]},
			"faces": {
				"north": {"uv": [0, 16, 0, 0], "rotation": 270, "texture": "#missing"},
				"east": {"uv": [0, 16, 0, 0], "rotation": 270, "texture": "#missing"},
				"south": {"uv": [0, 16, 0, 0], "rotation": 270, "texture": "#missing"},
				"west": {"uv": [0, 16, 0, 0], "rotation": 90, "texture": "#missing"},
				"up": {"uv": [16, 16, 0, 0], "texture": "#0", "tintindex": 0},
				"down": {"uv": [0, 16, 16, 0], "rotation": 180, "texture": "#0", "tintindex": 0}
			}
		}
	],
	"display": {
		"thirdperson_righthand": {
			"rotation": [163, 180, 140],
			"translation": [0, 2, -2],
			"scale": [0.35, 0.35, 0.35]
		},
		"thirdperson_lefthand": {
			"rotation": [78, 63, 0],
			"translation": [0, 2.25, -1],
			"scale": [0.35, 0.35, 0.35]
		},
		"firstperson_righthand": {
			"rotation": [180, 8, 7],
			"translation": [1.5, 0.25, -1],
			"scale": [0.37, 0.35, 0.24844]
		},
		"firstperson_lefthand": {
			"rotation": [1, 0, 6],
			"scale": [0.35, 0.35, 0.23633]
		},
		"ground": {
			"scale": [0.35, 0.35, 0.35]
		},
		"gui": {
			"rotation": [32, 37, -2],
			"scale": [0.59, 0.6, 0.6]
		}
	}
}