{
	"credit": "Made with Blockbench",
	"ambientocclusion": false,
	"textures": {
		"0": "block/iron_door_top",
		"1": "block/iron_door_side",
		"particle": "block/iron_door_top"
	},
	"elements": [
		{
			"from": [0, 0, 0],
			"to": [2, 16, 16],
			"faces": {
				"north": {"uv": [3, 0, 0, 16], "texture": "#1", "cullface": "north"},
				"east": {"uv": [16, 0, 0, 16], "texture": "#0"},
				"south": {"uv": [0, 0, 3, 16], "texture": "#1", "cullface": "south"},
				"west": {"uv": [0, 0, 16, 16], "texture": "#0", "cullface": "west"},
				"up": {"uv": [3, 0, 6, 16], "texture": "#1", "cullface": "up"}
			}
		},
		{
			"from": [-0.25, 1, 10.75],
			"to": [0.75, 2, 14],
			"faces": {
				"north": {"uv": [13.03125, 13.98438, 13.98438, 14.89063], "texture": "#0"},
				"east": {"uv": [0, 0, 3.25, 1], "texture": "#missing"},
				"south": {"uv": [10.74219, 14.02344, 11.74219, 14.88281], "texture": "#0"},
				"west": {"uv": [10.74219, 14.02344, 13.94531, 14.89063], "texture": "#0"},
				"up": {"uv": [10.74219, 14.07031, 13.99219, 14.89063], "rotation": 90, "texture": "#0"},
				"down": {"uv": [10.78125, 14.02344, 13.9375, 14.89063], "rotation": 90, "texture": "#0"}
			}
		},
		{
			"from": [1.25, 1, 10.75],
			"to": [2.25, 2, 14],
			"faces": {
				"north": {"uv": [13.03125, 13.98438, 13.98438, 14.89063], "texture": "#0"},
				"east": {"uv": [10.74219, 14.02344, 13.99219, 14.88281], "texture": "#0"},
				"south": {"uv": [10.74219, 14.02344, 11.74219, 14.88281], "texture": "#0"},
				"west": {"uv": [10.74219, 14.02344, 13.94531, 14.89063], "texture": "#0"},
				"up": {"uv": [10.74219, 14.07031, 13.99219, 14.89063], "rotation": 90, "texture": "#0"},
				"down": {"uv": [10.78125, 14.02344, 13.9375, 14.89063], "rotation": 90, "texture": "#0"}
			}
		},
		{
			"from": [0, 10, 3],
			"to": [2, 10, 7],
			"faces": {
				"north": {"uv": [0, 0, 3, 0], "texture": "#missing"},
				"east": {"uv": [0, 0, 4, 0], "texture": "#missing"},
				"south": {"uv": [0, 0, 3, 0], "texture": "#missing"},
				"west": {"uv": [0, 0, 4, 0], "texture": "#missing"},
				"up": {"uv": [6, 0, 8.95313, 4.55469], "texture": "#1"},
				"down": {"uv": [6, 0, 9, 4.6], "texture": "#1"}
			}
		},
		{
			"from": [0, 13, 3],
			"to": [2, 13, 7],
			"faces": {
				"north": {"uv": [0, 0, 3, 0], "texture": "#missing"},
				"east": {"uv": [0, 0, 4, 0], "texture": "#missing"},
				"south": {"uv": [0, 0, 3, 0], "texture": "#missing"},
				"west": {"uv": [0, 0, 4, 0], "texture": "#missing"},
				"up": {"uv": [6, 0, 8.95313, 4.55469], "texture": "#1"},
				"down": {"uv": [6, 0, 9, 4.6], "texture": "#1"}
			}
		},
		{
			"from": [0, 5, 3],
			"to": [2, 5, 7],
			"faces": {
				"north": {"uv": [0, 0, 3, 0], "texture": "#missing"},
				"east": {"uv": [0, 0, 4, 0], "texture": "#missing"},
				"south": {"uv": [0, 0, 3, 0], "texture": "#missing"},
				"west": {"uv": [0, 0, 4, 0], "texture": "#missing"},
				"up": {"uv": [6, 0, 8.95313, 4.55469], "texture": "#1"},
				"down": {"uv": [6, 0, 9, 4.6], "texture": "#1"}
			}
		},
		{
			"from": [0, 8, 3],
			"to": [2, 8, 7],
			"faces": {
				"north": {"uv": [0, 0, 3, 0], "texture": "#missing"},
				"east": {"uv": [0, 0, 4, 0], "texture": "#missing"},
				"south": {"uv": [0, 0, 3, 0], "texture": "#missing"},
				"west": {"uv": [0, 0, 4, 0], "texture": "#missing"},
				"up": {"uv": [6, 0, 8.95313, 4.55469], "texture": "#1"},
				"down": {"uv": [6, 0, 9, 4.6], "texture": "#1"}
			}
		},
		{
			"from": [0, 10, 9],
			"to": [2, 10, 13],
			"faces": {
				"north": {"uv": [0, 0, 3, 0], "texture": "#missing"},
				"east": {"uv": [0, 0, 4, 0], "texture": "#missing"},
				"south": {"uv": [0, 0, 3, 0], "texture": "#missing"},
				"west": {"uv": [0, 0, 4, 0], "texture": "#missing"},
				"up": {"uv": [6, 0, 8.95313, 4.55469], "texture": "#1"},
				"down": {"uv": [6, 0, 9, 4.6], "texture": "#1"}
			}
		},
		{
			"from": [0, 13, 9],
			"to": [2, 13, 13],
			"faces": {
				"north": {"uv": [0, 0, 3, 0], "texture": "#missing"},
				"east": {"uv": [0, 0, 4, 0], "texture": "#missing"},
				"south": {"uv": [0, 0, 3, 0], "texture": "#missing"},
				"west": {"uv": [0, 0, 4, 0], "texture": "#missing"},
				"up": {"uv": [6, 0, 8.95313, 4.55469], "texture": "#1"},
				"down": {"uv": [6, 0, 9, 4.6], "texture": "#1"}
			}
		},
		{
			"from": [0, 5, 9],
			"to": [2, 5, 13],
			"faces": {
				"north": {"uv": [0, 0, 3, 0], "texture": "#missing"},
				"east": {"uv": [0, 0, 4, 0], "texture": "#missing"},
				"south": {"uv": [0, 0, 3, 0], "texture": "#missing"},
				"west": {"uv": [0, 0, 4, 0], "texture": "#missing"},
				"up": {"uv": [6, 0, 8.95313, 4.55469], "texture": "#1"},
				"down": {"uv": [6, 0, 9, 4.6], "texture": "#1"}
			}
		},
		{
			"from": [0, 8, 9],
			"to": [2, 8, 13],
			"faces": {
				"north": {"uv": [0, 0, 3, 0], "texture": "#missing"},
				"east": {"uv": [0, 0, 4, 0], "texture": "#missing"},
				"south": {"uv": [0, 0, 3, 0], "texture": "#missing"},
				"west": {"uv": [0, 0, 4, 0], "texture": "#missing"},
				"up": {"uv": [6, 0, 8.95313, 4.55469], "texture": "#1"},
				"down": {"uv": [6, 0, 9, 4.6], "texture": "#1"}
			}
		},
		{
			"from": [0, 10, 3],
			"to": [2, 13, 3],
			"faces": {
				"north": {"uv": [6, 0, 8.95313, 4.55469], "rotation": 180, "texture": "#1"},
				"east": {"uv": [0, 0, 4, 0], "rotation": 90, "texture": "#missing"},
				"south": {"uv": [6, 0, 8.95313, 4.55469], "texture": "#1"},
				"west": {"uv": [0, 0, 4, 0], "rotation": 270, "texture": "#missing"},
				"up": {"uv": [0, 0, 3, 0], "texture": "#missing"},
				"down": {"uv": [0, 0, 3, 0], "rotation": 180, "texture": "#missing"}
			}
		},
		{
			"from": [0, 10, 7],
			"to": [2, 13, 7],
			"faces": {
				"north": {"uv": [6, 0, 8.95313, 4.55469], "rotation": 180, "texture": "#1"},
				"east": {"uv": [0, 0, 4, 0], "rotation": 90, "texture": "#missing"},
				"south": {"uv": [6, 0, 8.95313, 4.55469], "texture": "#1"},
				"west": {"uv": [0, 0, 4, 0], "rotation": 270, "texture": "#missing"},
				"up": {"uv": [0, 0, 3, 0], "texture": "#missing"},
				"down": {"uv": [0, 0, 3, 0], "rotation": 180, "texture": "#missing"}
			}
		},
		{
			"from": [0, 10, 9],
			"to": [2, 13, 9],
			"faces": {
				"north": {"uv": [6, 0, 8.95313, 4.55469], "rotation": 180, "texture": "#1"},
				"east": {"uv": [0, 0, 4, 0], "rotation": 90, "texture": "#missing"},
				"south": {"uv": [6, 0, 8.95313, 4.55469], "texture": "#1"},
				"west": {"uv": [0, 0, 4, 0], "rotation": 270, "texture": "#missing"},
				"up": {"uv": [0, 0, 3, 0], "texture": "#missing"},
				"down": {"uv": [0, 0, 3, 0], "rotation": 180, "texture": "#missing"}
			}
		},
		{
			"from": [0, 10, 13],
			"to": [2, 13, 13],
			"faces": {
				"north": {"uv": [6, 0, 8.95313, 4.55469], "rotation": 180, "texture": "#1"},
				"east": {"uv": [0, 0, 4, 0], "rotation": 90, "texture": "#missing"},
				"south": {"uv": [6, 0, 8.95313, 4.55469], "texture": "#1"},
				"west": {"uv": [0, 0, 4, 0], "rotation": 270, "texture": "#missing"},
				"up": {"uv": [0, 0, 3, 0], "texture": "#missing"},
				"down": {"uv": [0, 0, 3, 0], "rotation": 180, "texture": "#missing"}
			}
		},
		{
			"from": [0, 5, 3],
			"to": [2, 8, 3],
			"faces": {
				"north": {"uv": [6, 0, 8.95313, 4.55469], "rotation": 180, "texture": "#1"},
				"east": {"uv": [0, 0, 4, 0], "rotation": 90, "texture": "#missing"},
				"south": {"uv": [6, 0, 8.95313, 4.55469], "texture": "#1"},
				"west": {"uv": [0, 0, 4, 0], "rotation": 270, "texture": "#missing"},
				"up": {"uv": [0, 0, 3, 0], "texture": "#missing"},
				"down": {"uv": [0, 0, 3, 0], "rotation": 180, "texture": "#missing"}
			}
		},
		{
			"from": [0, 5, 7],
			"to": [2, 8, 7],
			"faces": {
				"north": {"uv": [6, 0, 8.95313, 4.55469], "rotation": 180, "texture": "#1"},
				"east": {"uv": [0, 0, 4, 0], "rotation": 90, "texture": "#missing"},
				"south": {"uv": [6, 0, 8.95313, 4.55469], "texture": "#1"},
				"west": {"uv": [0, 0, 4, 0], "rotation": 270, "texture": "#missing"},
				"up": {"uv": [0, 0, 3, 0], "texture": "#missing"},
				"down": {"uv": [0, 0, 3, 0], "rotation": 180, "texture": "#missing"}
			}
		},
		{
			"from": [0, 5, 9],
			"to": [2, 8, 9],
			"faces": {
				"north": {"uv": [6, 0, 8.95313, 4.55469], "rotation": 180, "texture": "#1"},
				"east": {"uv": [0, 0, 4, 0], "rotation": 90, "texture": "#missing"},
				"south": {"uv": [6, 0, 8.95313, 4.55469], "texture": "#1"},
				"west": {"uv": [0, 0, 4, 0], "rotation": 270, "texture": "#missing"},
				"up": {"uv": [0, 0, 3, 0], "texture": "#missing"},
				"down": {"uv": [0, 0, 3, 0], "rotation": 180, "texture": "#missing"}
			}
		},
		{
			"from": [0, 5, 13],
			"to": [2, 8, 13],
			"faces": {
				"north": {"uv": [6, 0, 8.95313, 4.55469], "rotation": 180, "texture": "#1"},
				"east": {"uv": [0, 0, 4, 0], "rotation": 90, "texture": "#missing"},
				"south": {"uv": [6, 0, 8.95313, 4.55469], "texture": "#1"},
				"west": {"uv": [0, 0, 4, 0], "rotation": 270, "texture": "#missing"},
				"up": {"uv": [0, 0, 3, 0], "texture": "#missing"},
				"down": {"uv": [0, 0, 3, 0], "rotation": 180, "texture": "#missing"}
			}
		}
	]
}