{
	"credit": "Made with Blockbench",
	"ambientocclusion": false,
	"textures": {
		"1": "block/oak_door_bottom",
		"2": "block/oak_door_side",
		"particle": "block/oak_door_side"
	},
	"elements": [
		{
			"from": [0, 0, 0],
			"to": [2, 16, 16],
			"faces": {
				"north": {"uv": [16.04688, 0.04688, 13.04688, 16.04688], "texture": "#2", "cullface": "north"},
				"east": {"uv": [0, 0, 16, 16], "texture": "#1"},
				"south": {"uv": [13.04688, 0.04688, 16.04688, 16.04688], "texture": "#2", "cullface": "south"},
				"west": {"uv": [16, 0, 0, 16], "texture": "#1", "cullface": "west"},
				"down": {"uv": [3, 0.04688, 6, 16.04688], "texture": "#2", "cullface": "down"}
			}
		}
	]
}