{
	"credit": "Made with Blockbench",
	"textures": {
		"0": "block/rotrBLOCKS/spruce_leaves",
		"particle": "block/rotrBLOCKS/spruce_leaves"
	},
	"elements": [
		{
			"name": "Leave",
			"from": [1, -3, -1],
			"to": [1, 13, 15],
			"rotation": {"angle": -45, "axis": "z", "origin": [1, 9, 8]},
			"faces": {
				"north": {"uv": [0, 16, 0, 0], "texture": "#missing"},
				"east": {"uv": [0, 16, 16, 0], "rotation": 180, "texture": "#0", "tintindex": 0},
				"south": {"uv": [0, 16, 0, 0], "texture": "#missing"},
				"west": {"uv": [16, 16, 0, 0], "rotation": 180, "texture": "#0", "tintindex": 0},
				"up": {"uv": [0, 16, 0, 0], "rotation": 180, "texture": "#missing"},
				"down": {"uv": [0, 16, 0, 0], "rotation": 180, "texture": "#missing"}
			}
		},
		{
			"name": "Leave",
			"from": [-5, -4, 15],
			"to": [11, 12, 15],
			"rotation": {"angle": -45, "axis": "x", "origin": [6, 10, 15]},
			"faces": {
				"north": {"uv": [0, 16, 16, 0], "rotation": 180, "texture": "#0", "tintindex": 0},
				"east": {"uv": [0, 16, 0, 0], "texture": "#missing"},
				"south": {"uv": [16, 16, 0, 0], "rotation": 180, "texture": "#0", "tintindex": 0},
				"west": {"uv": [0, 16, 0, 0], "texture": "#missing"},
				"up": {"uv": [0, 16, 0, 0], "rotation": 90, "texture": "#missing"},
				"down": {"uv": [0, 16, 0, 0], "rotation": 270, "texture": "#missing"}
			}
		},
		{
			"name": "Leave",
			"from": [-6, -4, 20],
			"to": [10, 12, 20],
			"rotation": {"angle": 45, "axis": "x", "origin": [6, 10, 15]},
			"faces": {
				"north": {"uv": [0, 16, 16, 0], "rotation": 180, "texture": "#0", "tintindex": 0},
				"east": {"uv": [0, 16, 0, 0], "texture": "#missing"},
				"south": {"uv": [16, 16, 0, 0], "rotation": 180, "texture": "#0", "tintindex": 0},
				"west": {"uv": [0, 16, 0, 0], "texture": "#missing"},
				"up": {"uv": [0, 16, 0, 0], "rotation": 90, "texture": "#missing"},
				"down": {"uv": [0, 16, 0, 0], "rotation": 270, "texture": "#missing"}
			}
		},
		{
			"name": "Leave",
			"from": [2, -5, 4],
			"to": [18, -5, 20],
			"rotation": {"angle": 45, "axis": "x", "origin": [6, 10, 15]},
			"faces": {
				"north": {"uv": [0, 16, 0, 0], "rotation": 270, "texture": "#missing"},
				"east": {"uv": [0, 16, 0, 0], "rotation": 90, "texture": "#missing"},
				"south": {"uv": [0, 16, 0, 0], "rotation": 270, "texture": "#missing"},
				"west": {"uv": [0, 16, 0, 0], "rotation": 270, "texture": "#missing"},
				"up": {"uv": [16, 16, 0, 0], "rotation": 180, "texture": "#0", "tintindex": 0},
				"down": {"uv": [0, 16, 16, 0], "texture": "#0", "tintindex": 0}
			}
		},
		{
			"name": "Leave",
			"from": [-10, 14, -3],
			"to": [6, 14, 13],
			"rotation": {"angle": 22.5, "axis": "z", "origin": [6, 15, 11]},
			"faces": {
				"north": {"uv": [0, 16, 0, 0], "rotation": 270, "texture": "#missing"},
				"east": {"uv": [0, 16, 0, 0], "rotation": 90, "texture": "#missing"},
				"south": {"uv": [0, 16, 0, 0], "rotation": 90, "texture": "#missing"},
				"west": {"uv": [0, 16, 0, 0], "rotation": 90, "texture": "#missing"},
				"up": {"uv": [16, 16, 0, 0], "rotation": 270, "texture": "#0", "tintindex": 0},
				"down": {"uv": [0, 16, 16, 0], "rotation": 90, "texture": "#0", "tintindex": 0}
			}
		},
		{
			"name": "Leave",
			"from": [2, 1, 4],
			"to": [18, 17, 4],
			"rotation": {"angle": 45, "axis": "x", "origin": [9, 13, 2]},
			"faces": {
				"north": {"uv": [16, 16, 0, 0], "rotation": 180, "texture": "#0", "tintindex": 0},
				"east": {"uv": [0, 16, 0, 0], "texture": "#missing"},
				"south": {"uv": [0, 16, 16, 0], "rotation": 180, "texture": "#0", "tintindex": 0},
				"west": {"uv": [0, 16, 0, 0], "texture": "#missing"},
				"up": {"uv": [0, 16, 0, 0], "rotation": 270, "texture": "#missing"},
				"down": {"uv": [0, 16, 0, 0], "rotation": 90, "texture": "#missing"}
			}
		},
		{
			"name": "Leave",
			"from": [8.65685, 10.34315, 8],
			"to": [24.65685, 10.34315, 24],
			"rotation": {"angle": -22.5, "axis": "z", "origin": [14.65685, 13.34315, 9]},
			"faces": {
				"north": {"uv": [0, 16, 0, 0], "rotation": 90, "texture": "#missing"},
				"east": {"uv": [0, 16, 0, 0], "rotation": 270, "texture": "#missing"},
				"south": {"uv": [0, 16, 0, 0], "rotation": 270, "texture": "#missing"},
				"west": {"uv": [0, 16, 0, 0], "rotation": 90, "texture": "#missing"},
				"up": {"uv": [16, 16, 0, 0], "rotation": 90, "texture": "#0", "tintindex": 0},
				"down": {"uv": [0, 16, 16, 0], "rotation": 90, "texture": "#0", "tintindex": 0}
			}
		},
		{
			"name": "Leave",
			"from": [-3.34315, 5.34315, 5],
			"to": [12.65685, 5.34315, 21],
			"rotation": {"angle": 45, "axis": "z", "origin": [14.65685, 13.34315, 9]},
			"faces": {
				"north": {"uv": [0, 16, 0, 0], "rotation": 270, "texture": "#missing"},
				"east": {"uv": [0, 16, 0, 0], "rotation": 270, "texture": "#missing"},
				"south": {"uv": [0, 16, 0, 0], "rotation": 90, "texture": "#missing"},
				"west": {"uv": [0, 16, 0, 0], "rotation": 90, "texture": "#missing"},
				"up": {"uv": [0, 16, 16, 0], "rotation": 270, "texture": "#0", "tintindex": 0},
				"down": {"uv": [16, 16, 0, 0], "rotation": 270, "texture": "#0", "tintindex": 0}
			}
		},
		{
			"name": "Leave",
			"from": [-7, 9.94272, 8.39731],
			"to": [9, 9.94272, 24.39731],
			"rotation": {"angle": 22.5, "axis": "x", "origin": [11, 10.94272, 17.39731]},
			"faces": {
				"north": {"uv": [0, 16, 0, 0], "rotation": 270, "texture": "#missing"},
				"east": {"uv": [0, 16, 0, 0], "rotation": 270, "texture": "#missing"},
				"south": {"uv": [0, 16, 0, 0], "rotation": 270, "texture": "#missing"},
				"west": {"uv": [0, 16, 0, 0], "rotation": 90, "texture": "#missing"},
				"up": {"uv": [16, 16, 0, 0], "rotation": 180, "texture": "#0", "tintindex": 0},
				"down": {"uv": [0, 16, 16, 0], "rotation": 180, "texture": "#0", "tintindex": 0}
			}
		},
		{
			"name": "Leave",
			"from": [14.93853, -5.39104, -3],
			"to": [14.93853, 10.60896, 13],
			"rotation": {"angle": 45, "axis": "y", "origin": [13.93853, 2.60896, 4]},
			"faces": {
				"north": {"uv": [0, 16, 0, 0], "texture": "#missing"},
				"east": {"uv": [0, 16, 16, 0], "rotation": 180, "texture": "#0", "tintindex": 0},
				"south": {"uv": [0, 16, 0, 0], "texture": "#missing"},
				"west": {"uv": [16, 16, 0, 0], "rotation": 180, "texture": "#0", "tintindex": 0},
				"up": {"uv": [0, 16, 0, 0], "rotation": 180, "texture": "#missing"},
				"down": {"uv": [0, 16, 0, 0], "rotation": 180, "texture": "#missing"}
			}
		},
		{
			"name": "Leave",
			"from": [0.93853, -4.39104, -8],
			"to": [16.93853, 11.60896, -8],
			"rotation": {"angle": 45, "axis": "y", "origin": [13.93853, 2.60896, 4]},
			"faces": {
				"north": {"uv": [0, 16, 16, 0], "rotation": 180, "texture": "#0", "tintindex": 0},
				"east": {"uv": [0, 16, 0, 0], "texture": "#missing"},
				"south": {"uv": [16, 16, 0, 0], "rotation": 180, "texture": "#0", "tintindex": 0},
				"west": {"uv": [0, 16, 0, 0], "texture": "#missing"},
				"up": {"uv": [0, 16, 0, 0], "rotation": 90, "texture": "#missing"},
				"down": {"uv": [0, 16, 0, 0], "rotation": 270, "texture": "#missing"}
			}
		},
		{
			"name": "Leave",
			"from": [-0.06147, -4.39104, -9],
			"to": [-0.06147, 11.60896, 7],
			"rotation": {"angle": 45, "axis": "y", "origin": [13.93853, 2.60896, 4]},
			"faces": {
				"north": {"uv": [0, 16, 0, 0], "texture": "#missing"},
				"east": {"uv": [16, 16, 0, 0], "rotation": 180, "texture": "#0", "tintindex": 0},
				"south": {"uv": [0, 16, 0, 0], "texture": "#missing"},
				"west": {"uv": [0, 16, 16, 0], "rotation": 180, "texture": "#0", "tintindex": 0},
				"up": {"uv": [0, 16, 0, 0], "texture": "#missing"},
				"down": {"uv": [0, 16, 0, 0], "texture": "#missing"}
			}
		},
		{
			"name": "Leave",
			"from": [-2.06147, -4.39104, 9],
			"to": [13.93853, 11.60896, 9],
			"rotation": {"angle": 45, "axis": "y", "origin": [13.93853, 2.60896, 4]},
			"faces": {
				"north": {"uv": [16, 16, 0, 0], "rotation": 180, "texture": "#0", "tintindex": 0},
				"east": {"uv": [0, 16, 0, 0], "texture": "#missing"},
				"south": {"uv": [0, 16, 16, 0], "rotation": 180, "texture": "#0", "tintindex": 0},
				"west": {"uv": [0, 16, 0, 0], "texture": "#missing"},
				"up": {"uv": [0, 16, 0, 0], "rotation": 270, "texture": "#missing"},
				"down": {"uv": [0, 16, 0, 0], "rotation": 90, "texture": "#missing"}
			}
		},
		{
			"name": "Leave",
			"from": [16.06147, 0.60896, 5],
			"to": [16.06147, 16.60896, 21],
			"rotation": {"angle": 45, "axis": "z", "origin": [19.06147, 8.60896, 13]},
			"faces": {
				"north": {"uv": [0, 16, 0, 0], "texture": "#missing"},
				"east": {"uv": [16, 16, 0, 0], "rotation": 180, "texture": "#0", "tintindex": 0},
				"south": {"uv": [0, 16, 0, 0], "texture": "#missing"},
				"west": {"uv": [0, 16, 16, 0], "rotation": 180, "texture": "#0", "tintindex": 0},
				"up": {"uv": [0, 16, 0, 0], "texture": "#missing"},
				"down": {"uv": [0, 16, 0, 0], "texture": "#missing"}
			}
		},
		{
			"name": "Leave",
			"from": [-2, 10.34315, -0.34315],
			"to": [14, 10.34315, 15.65685],
			"faces": {
				"north": {"uv": [0, 16, 0, 0], "rotation": 270, "texture": "#missing"},
				"east": {"uv": [0, 16, 0, 0], "rotation": 90, "texture": "#missing"},
				"south": {"uv": [0, 16, 0, 0], "rotation": 270, "texture": "#missing"},
				"west": {"uv": [0, 16, 0, 0], "rotation": 270, "texture": "#missing"},
				"up": {"uv": [16, 16, 0, 0], "rotation": 180, "texture": "#0", "tintindex": 0},
				"down": {"uv": [0, 16, 16, 0], "texture": "#0", "tintindex": 0}
			}
		},
		{
			"name": "Leave",
			"from": [-2, 0.34315, 1.65685],
			"to": [14, 0.34315, 17.65685],
			"faces": {
				"north": {"uv": [0, 16, 0, 0], "rotation": 270, "texture": "#missing"},
				"east": {"uv": [0, 16, 0, 0], "rotation": 90, "texture": "#missing"},
				"south": {"uv": [0, 16, 0, 0], "rotation": 270, "texture": "#missing"},
				"west": {"uv": [0, 16, 0, 0], "rotation": 270, "texture": "#missing"},
				"up": {"uv": [16, 16, 0, 0], "rotation": 180, "texture": "#0", "tintindex": 0},
				"down": {"uv": [0, 16, 16, 0], "texture": "#0", "tintindex": 0}
			}
		},
		{
			"name": "Leave",
			"from": [5, 12, -6],
			"to": [21, 12, 10],
			"rotation": {"angle": -22.5, "axis": "x", "origin": [5, 16, 8]},
			"faces": {
				"north": {"uv": [0, 16, 0, 0], "rotation": 270, "texture": "#missing"},
				"east": {"uv": [0, 16, 0, 0], "rotation": 270, "texture": "#missing"},
				"south": {"uv": [0, 16, 0, 0], "rotation": 270, "texture": "#missing"},
				"west": {"uv": [0, 16, 0, 0], "rotation": 90, "texture": "#missing"},
				"up": {"uv": [16, 16, 0, 0], "texture": "#0", "tintindex": 0},
				"down": {"uv": [0, 16, 16, 0], "rotation": 180, "texture": "#0", "tintindex": 0}
			}
		}
	],
	"display": {
		"thirdperson_righthand": {
			"rotation": [163, 180, 140],
			"translation": [0, 2, -2],
			"scale": [0.35, 0.35, 0.35]
		},
		"thirdperson_lefthand": {
			"rotation": [78, 63, 0],
			"translation": [0, 2.25, -1],
			"scale": [0.35, 0.35, 0.35]
		},
		"firstperson_righthand": {
			"rotation": [180, 8, 7],
			"translation": [1.5, 0.25, -1],
			"scale": [0.37, 0.35, 0.24844]
		},
		"firstperson_lefthand": {
			"rotation": [1, 0, 6],
			"scale": [0.35, 0.35, 0.23633]
		},
		"ground": {
			"scale": [0.35, 0.35, 0.35]
		},
		"gui": {
			"rotation": [32, 37, -2],
			"scale": [0.59, 0.6, 0.6]
		}
	}
}